Name,playerid,birth_date,PA_21,OBP_21,PA_20,OBP_20,PA_19,OBP_19,PA_18,OBP_18,PA_17,OBP_17,PA_16,OBP_16
Trayce Thompson,9952,3/15/91,35,0.4,,,,,137,0.162,55,0.218,262,0.302
Mike Trout,10155,8/7/91,146,0.466,241,0.39,600,0.43799999999999994,608,0.46,507,0.442,681,0.441
Bryce Harper,11579,10/16/92,599,0.429,244,0.42,682,0.37200000000000005,695,0.39299999999999996,492,0.413,627,0.373
Chris Owings,10030,8/12/91,50,0.42,44,0.318,196,0.209,309,0.272,386,0.299,466,0.315
Nick Fortes,21538,11/11/96,34,0.353,,,,,,,,,,
Juan Soto,20123,10/25/98,654,0.465,196,0.49,659,0.401,494,0.406,,,,
Vladimir Guerrero Jr.,19611,3/16/99,698,0.401,243,0.32899999999999996,514,0.33899999999999997,,,,,,
Byron Buxton,14161,12/18/93,254,0.358,135,0.267,295,0.314,94,0.183,511,0.314,331,0.284
Ronald Acuna Jr.,18401,12/18/97,360,0.39399999999999996,202,0.406,715,0.365,487,0.366,,,,
Brandon Belt,10264,4/20/88,381,0.37799999999999995,179,0.425,616,0.33899999999999997,456,0.342,451,0.355,655,0.39399999999999996
Jesse Winker,13590,8/17/93,485,0.39399999999999996,183,0.38799999999999996,384,0.35700000000000004,334,0.405,137,0.375,,
Frank Schwindel,15351,6/29/92,259,0.371,,,15,0.067,,,,,,
Fernando Tatis Jr.,19709,1/2/99,546,0.364,257,0.366,372,0.379,,,,,,
Yasmani Grandal,11368,11/8/88,375,0.42,194,0.35100000000000003,632,0.38,518,0.349,482,0.308,457,0.33899999999999997
Jose Siri,17452,7/22/95,49,0.34700000000000003,,,,,,,,,,
Luis Robert,20043,8/3/97,296,0.37799999999999995,227,0.302,,,,,,,,
Shohei Ohtani,19755,7/5/94,639,0.37200000000000005,175,0.29100000000000004,425,0.34299999999999997,367,0.361,,,,
Kyle Schwarber,16478,3/5/93,471,0.374,224,0.308,610,0.33899999999999997,510,0.35600000000000004,486,0.315,5,0.2
Joey Votto,4314,9/10/83,533,0.375,223,0.354,608,0.35700000000000004,623,0.41700000000000004,707,0.45399999999999996,677,0.434
Nick Castellanos,11737,3/4/92,585,0.36200000000000004,242,0.298,664,0.337,678,0.354,665,0.32,447,0.331
Corey Seager,13624,4/27/94,409,0.39399999999999996,232,0.358,541,0.335,115,0.348,613,0.375,687,0.365
Aaron Judge,15640,4/26/92,633,0.373,114,0.336,447,0.381,498,0.392,678,0.42200000000000004,95,0.263
Trea Turner,16252,6/30/93,646,0.375,259,0.39399999999999996,569,0.353,740,0.344,447,0.33799999999999997,324,0.37
Bryan Reynolds,19326,1/27/95,646,0.39,208,0.275,546,0.377,,,,,,
Ketel Marte,13613,10/12/93,374,0.377,195,0.32299999999999995,628,0.389,580,0.332,255,0.345,466,0.287
Darin Ruf,9929,7/28/86,312,0.385,100,0.37,,,,,,,89,0.23600000000000002
John Hicks,12547,8/31/89,31,0.258,,,333,0.24,312,0.312,190,0.326,2,0.5
Tyler O'Neill,15711,6/22/95,537,0.35200000000000004,157,0.261,151,0.311,142,0.303,,,,
C.J. Cron,12546,1/5/90,547,0.375,52,0.34600000000000003,499,0.311,560,0.32299999999999995,373,0.305,445,0.325
Kyle Tucker,18345,1/17/97,567,0.359,228,0.325,72,0.319,72,0.23600000000000002,,,,
George Springer,12856,9/19/89,342,0.35200000000000004,222,0.359,556,0.38299999999999995,620,0.34600000000000003,629,0.36700000000000005,744,0.359
Austin Riley,18360,4/2/97,662,0.36700000000000005,206,0.301,297,0.27899999999999997,,,,,,
Freddie Freeman,5361,9/12/89,695,0.39299999999999996,262,0.462,692,0.389,707,0.38799999999999996,514,0.40299999999999997,693,0.4
Buster Posey,9166,3/27/87,454,0.39,,,445,0.32,448,0.359,568,0.4,614,0.36200000000000004
Max Muncy,13301,8/25/90,592,0.368,248,0.331,589,0.374,481,0.391,,,133,0.308
Matt Olson,14344,3/29/94,673,0.371,245,0.31,547,0.35100000000000003,660,0.335,216,0.35200000000000004,28,0.321
Brandon Crawford,5343,1/21/87,549,0.373,193,0.326,560,0.304,594,0.325,570,0.305,623,0.342
Greg Allen,16623,3/15/93,48,0.41700000000000004,32,0.281,256,0.29,291,0.31,39,0.282,,
A.J. Pollock,9256,12/5/87,422,0.355,210,0.314,342,0.327,460,0.316,466,0.33,46,0.326
Paul Goldschmidt,9218,9/10/87,679,0.365,231,0.41700000000000004,682,0.34600000000000003,690,0.389,665,0.40399999999999997,705,0.41100000000000003
Rafael Devers,17350,10/24/96,664,0.35200000000000004,248,0.31,702,0.361,490,0.298,240,0.33799999999999997,,
Jose Ramirez,13510,9/17/92,636,0.355,254,0.386,542,0.327,698,0.387,645,0.374,618,0.363
Cedric Mullins II,17929,10/1/94,675,0.36,153,0.315,74,0.18100000000000002,191,0.312,,,,
Mitch Garver,15161,1/15/91,243,0.358,81,0.247,359,0.365,335,0.335,52,0.28800000000000003,,
Giancarlo Stanton,4949,11/8/89,579,0.354,94,0.387,72,0.40299999999999997,705,0.34299999999999997,692,0.376,470,0.326
Yordan Alvarez,19556,6/27/97,598,0.34600000000000003,9,0.33299999999999996,369,0.41200000000000003,,,,,,
Brandon Nimmo,12927,3/27/93,386,0.401,225,0.40399999999999997,254,0.375,535,0.40399999999999997,215,0.379,80,0.33799999999999997
Teoscar Hernandez,13066,10/15/92,595,0.34600000000000003,207,0.34,464,0.306,523,0.302,95,0.305,112,0.304
Xander Bogaerts,12161,10/1/92,603,0.37,225,0.364,698,0.384,580,0.36,635,0.34299999999999997,719,0.35600000000000004
Marcus Semien,12533,9/17/90,724,0.33399999999999996,236,0.305,747,0.369,703,0.318,386,0.325,621,0.3
Garrett Cooper,15279,12/25/90,250,0.38,133,0.353,421,0.344,38,0.316,45,0.33299999999999996,,
Connor Joe,16572,8/16/92,211,0.379,,,16,0.125,,,,,,
Mookie Betts,13611,10/7/92,550,0.36700000000000005,246,0.366,706,0.391,614,0.43799999999999994,712,0.344,730,0.363
Rhys Hoskins,16472,3/17/93,443,0.33399999999999996,185,0.384,705,0.364,660,0.354,212,0.396,,
Starling Marte,9241,10/9/88,526,0.38299999999999995,250,0.34,586,0.342,606,0.327,339,0.33299999999999996,529,0.36200000000000004
J.D. Martinez,6184,8/21/87,634,0.349,237,0.29100000000000004,657,0.38299999999999995,649,0.402,489,0.376,517,0.373
Will Smith,19197,3/28/95,501,0.365,137,0.401,196,0.337,,,,,,
Carlos Correa,14162,9/22/94,640,0.366,221,0.326,321,0.358,468,0.32299999999999995,481,0.391,660,0.361
Brandon Lowe,18882,7/6/94,615,0.34,224,0.36200000000000004,327,0.336,148,0.324,,,,
Yuli Gurriel,19198,6/9/84,605,0.38299999999999995,230,0.27399999999999997,612,0.34299999999999997,573,0.32299999999999995,564,0.332,137,0.292
Jonathan India,21523,12/15/96,631,0.376,,,,,,,,,,
Pete Alonso,19251,12/7/94,637,0.344,239,0.326,693,0.358,,,,,,
Salvador Perez,7304,5/10/90,665,0.316,156,0.353,,,544,0.27399999999999997,499,0.297,546,0.28800000000000003
Mike Zunino,13265,3/25/91,375,0.301,84,0.23800000000000002,289,0.23199999999999998,405,0.259,435,0.331,192,0.318
Justin Turner,5235,11/23/84,612,0.361,175,0.4,549,0.37200000000000005,426,0.406,543,0.415,622,0.33899999999999997
Luke Maile,13355,2/6/91,34,0.382,,,129,0.205,231,0.33299999999999996,136,0.17600000000000002,126,0.252
J.D. Davis,16219,4/27/93,211,0.384,229,0.371,453,0.369,113,0.248,68,0.27899999999999997,,
Jared Walsh,18607,7/30/93,585,0.34,108,0.324,87,0.276,,,,,,
Jose Altuve,5417,5/6/90,678,0.35,210,0.28600000000000003,548,0.353,599,0.386,662,0.41,717,0.396
Kris Bryant,15429,1/4/92,586,0.353,147,0.293,634,0.382,457,0.374,665,0.409,699,0.385
Matt Vierling,21558,9/16/96,77,0.364,,,,,,,,,,
Rafael Ortega,10323,5/15/91,330,0.36,,,96,0.271,143,0.287,,,202,0.28300000000000003
Adam Engel,15082,12/9/91,140,0.336,93,0.33299999999999996,248,0.304,463,0.27899999999999997,336,0.235,,
Franmil Reyes,14566,7/7/95,466,0.324,241,0.344,548,0.31,285,0.34,,,,
Jose Abreu,15676,1/29/87,659,0.35100000000000003,262,0.37,693,0.33,553,0.325,675,0.354,695,0.353
Bo Bichette,19612,3/5/98,690,0.34299999999999997,128,0.32799999999999996,212,0.358,,,,,,
Ty France,17982,7/13/94,650,0.368,155,0.368,201,0.294,,,,,,
Alfonso Rivas,21560,9/13/96,49,0.38799999999999996,,,,,,,,,,
Josh Donaldson,5038,12/8/85,543,0.35200000000000004,102,0.373,659,0.379,219,0.35200000000000004,496,0.385,700,0.40399999999999997
Delino DeShields,11379,8/16/92,58,0.375,120,0.31,408,0.325,393,0.31,440,0.34700000000000003,203,0.275
Evan Longoria,9368,10/7/85,291,0.35100000000000003,209,0.297,508,0.325,512,0.281,677,0.313,685,0.318
Gavin Sheets,19901,4/23/96,179,0.324,,,,,,,,,,
Josh Bell,13145,8/14/92,568,0.34700000000000003,223,0.305,613,0.36700000000000005,583,0.35700000000000004,620,0.33399999999999996,152,0.368
Tony Kemp,14894,10/31/91,397,0.382,114,0.363,279,0.29100000000000004,295,0.35100000000000003,39,0.256,136,0.29600000000000004
Manny Machado,11493,7/6/92,640,0.34700000000000003,254,0.37,661,0.33399999999999996,709,0.36700000000000005,690,0.31,696,0.34299999999999997
Randy Arozarena,19290,2/28/95,604,0.35600000000000004,76,0.382,23,0.391,,,,,,
Willy Adames,15986,9/2/95,555,0.337,205,0.332,584,0.317,323,0.348,,,,
Jorge Polanco,13152,7/5/93,644,0.32299999999999995,226,0.304,704,0.35600000000000004,333,0.345,544,0.313,270,0.332
Joey Gallo,14128,11/19/93,616,0.35100000000000003,226,0.301,297,0.389,577,0.312,532,0.33299999999999996,30,0.2
Wander Franco,23667,3/1/01,308,0.34700000000000003,,,,,,,,,,
Yoan Moncada,17232,5/27/95,616,0.375,231,0.32,559,0.36700000000000005,650,0.315,231,0.33799999999999997,20,0.25
Jason Castro,8722,6/18/87,179,0.35600000000000004,92,0.293,275,0.332,74,0.257,407,0.33299999999999996,376,0.307
Michael Brantley,4106,5/15/87,508,0.36200000000000004,187,0.364,637,0.37200000000000005,631,0.364,375,0.35700000000000004,43,0.27899999999999997
Patrick Wisdom,13602,8/27/91,375,0.305,2,0,28,0.185,58,0.36200000000000004,,,,
Nelson Cruz,2434,7/1/80,584,0.33399999999999996,214,0.397,521,0.392,591,0.342,645,0.375,667,0.36
Tyler Stephenson,17988,8/16/96,402,0.366,20,0.4,,,,,,,,
Thairo Estrada,16426,2/22/96,132,0.33299999999999996,52,0.231,69,0.294,,,,,,
Avisail Garcia,5760,6/12/91,515,0.33,207,0.33299999999999996,530,0.332,385,0.281,561,0.38,453,0.307
Tyler Naquin,13359,4/24/91,454,0.33299999999999996,141,0.248,294,0.325,183,0.295,40,0.25,365,0.37200000000000005
Tim Anderson,15172,6/23/93,551,0.33799999999999997,221,0.35700000000000004,518,0.35700000000000004,606,0.281,606,0.276,431,0.306
Jeimer Candelario,13621,11/24/93,626,0.35100000000000003,206,0.369,386,0.306,619,0.317,142,0.359,14,0.28600000000000003
Jake Burger,22275,4/10/96,42,0.33299999999999996,,,,,,,,,,
Javier Baez,12979,12/1/92,547,0.319,235,0.23800000000000002,561,0.316,645,0.326,508,0.317,450,0.314
Hunter Renfroe,15464,1/28/92,572,0.315,139,0.252,494,0.289,441,0.302,479,0.284,36,0.389
Santiago Espinal,19997,11/13/94,246,0.376,66,0.308,,,,,,,,
LaMonte Wade Jr.,18126,1/1/94,381,0.326,44,0.318,69,0.348,,,,,,
Brendan Rodgers,17907,8/9/96,415,0.32799999999999996,21,0.095,81,0.272,,,,,,
Trevor Story,12564,11/15/92,595,0.32899999999999996,259,0.355,656,0.363,656,0.348,555,0.308,415,0.341
Jake Cronenworth,18036,1/21/94,643,0.34,192,0.354,,,,,,,,
Ramon Urias,18795,6/3/94,296,0.361,27,0.40700000000000003,,,,,,,,
Adam Frazier,15223,12/14/91,639,0.368,230,0.297,608,0.336,352,0.342,454,0.344,160,0.35600000000000004
Luis Urias,16622,6/3/97,570,0.345,120,0.308,249,0.32899999999999996,53,0.264,,,,
Mitch Haniger,14274,12/23/90,691,0.318,,,283,0.314,683,0.366,410,0.35200000000000004,123,0.309
Matt Beaty,17710,4/28/93,234,0.363,54,0.278,268,0.317,,,,,,
Jesus Sanchez,19913,10/7/97,251,0.319,29,0.172,,,,,,,,
Bryan De La Cruz,19600,12/16/96,219,0.35600000000000004,,,,,,,,,,
Anthony Rizzo,3473,8/8/89,576,0.344,243,0.342,613,0.405,665,0.376,691,0.392,676,0.385
Jake Rogers,19452,4/18/95,127,0.306,,,128,0.222,,,,,,
Chris Taylor,13757,8/29/90,582,0.344,214,0.366,414,0.33299999999999996,604,0.331,568,0.354,65,0.262
T.J. Friedl,19522,8/14/95,36,0.361,,,,,,,,,,
Enrique Hernandez,10472,8/24/91,585,0.337,148,0.27,460,0.304,462,0.336,342,0.308,244,0.28300000000000003
Jean Segura,5933,3/17/90,567,0.348,217,0.34700000000000003,618,0.32299999999999995,632,0.341,566,0.349,694,0.368
Robbie Grossman,5254,9/16/89,671,0.35700000000000004,192,0.344,482,0.33399999999999996,465,0.36700000000000005,456,0.361,389,0.386
Jordan Luplow,16424,9/26/93,193,0.326,92,0.304,261,0.37200000000000005,103,0.272,87,0.276,,
Wilmer Flores,5827,8/6/91,436,0.335,213,0.315,285,0.361,429,0.319,362,0.307,335,0.319
Willson Contreras,11609,5/13/92,483,0.34,225,0.35600000000000004,409,0.355,544,0.33899999999999997,428,0.35600000000000004,283,0.35700000000000004
Nathaniel Lowe,19566,7/7/95,642,0.35700000000000004,76,0.316,169,0.325,,,,,,
Kolten Wong,12532,10/10/90,492,0.335,208,0.35,549,0.361,407,0.332,411,0.376,361,0.327
Robinson Chirinos,3142,6/5/84,112,0.324,82,0.23199999999999998,437,0.34700000000000003,426,0.33799999999999997,309,0.36,170,0.314
Nolan Arenado,9777,4/16/91,653,0.312,201,0.303,662,0.379,673,0.374,680,0.373,696,0.36200000000000004
Ozzie Albies,16556,1/7/97,686,0.31,124,0.306,702,0.35200000000000004,684,0.305,244,0.354,,
Dylan Carlson,20126,10/23/98,619,0.34299999999999997,119,0.252,,,,,,,,
J.T. Realmuto,11739,3/18/91,537,0.34299999999999997,195,0.349,593,0.32799999999999996,531,0.34,579,0.332,545,0.34299999999999997
Alex Bregman,17678,3/30/94,400,0.355,180,0.35,690,0.423,705,0.39399999999999996,626,0.35200000000000004,217,0.313
Dustin Garneau,9433,8/13/87,68,0.25,46,0.273,101,0.35,3,0.667,126,0.272,75,0.293
Nick Madrigal,20521,3/5/97,215,0.349,109,0.376,,,,,,,,
Ryan Mountcastle,18373,2/18/97,586,0.309,140,0.386,,,,,,,,
Andrew McCutchen,9847,10/10/86,574,0.33399999999999996,241,0.324,262,0.37799999999999995,682,0.368,650,0.363,675,0.336
Eduardo Escobar,6153,1/5/89,599,0.314,222,0.27,699,0.32,631,0.33399999999999996,499,0.309,377,0.28
Ji-Man Choi,5452,5/19/91,305,0.348,145,0.331,487,0.363,221,0.35700000000000004,18,0.33299999999999996,129,0.271
Ryan McMahon,15112,12/14/94,596,0.331,193,0.295,539,0.32899999999999996,202,0.307,24,0.33299999999999996,,
Alex Verdugo,17027,5/15/96,604,0.35100000000000003,221,0.36700000000000005,377,0.342,86,0.32899999999999996,25,0.24,,
Bobby Dalbec,19966,6/29/95,453,0.298,92,0.359,,,,,,,,
Jesus Aguilar,11342,6/30/90,510,0.32899999999999996,216,0.35200000000000004,369,0.325,566,0.35200000000000004,311,0.331,6,0
Brandon Drury,11615,8/21/92,88,0.307,49,0.184,447,0.262,86,0.256,480,0.317,499,0.32899999999999996
Taylor Ward,17548,12/14/93,237,0.332,102,0.33299999999999996,48,0.292,147,0.245,,,,
Mark Canha,11445,2/15/89,625,0.358,243,0.387,497,0.396,411,0.32799999999999996,187,0.262,44,0.14
Lourdes Gurriel Jr.,19238,10/10/93,541,0.319,224,0.348,343,0.327,263,0.309,,,,
Kyle Isbel,21614,3/3/97,83,0.337,,,,,,,,,,
Tres Barrera,19977,9/15/94,107,0.374,,,2,0,,,,,,
Charlie Blackmon,7859,7/1/86,582,0.35100000000000003,247,0.35600000000000004,634,0.364,696,0.358,725,0.39899999999999997,641,0.381
Tyrone Taylor,13675,1/22/94,271,0.321,41,0.293,12,0.5,,,,,,
Riley Adams,19864,6/26/96,120,0.358,,,,,,,,,,
Christian Arroyo,16434,5/30/95,181,0.324,54,0.29600000000000004,57,0.304,59,0.33899999999999997,135,0.244,,
Luke Voit,14811,2/13/91,241,0.32799999999999996,234,0.33799999999999997,510,0.37799999999999995,161,0.39799999999999996,124,0.306,,
Andy Young,19521,5/10/94,104,0.298,34,0.382,,,,,,,,
Miguel Sano,12164,5/11/93,532,0.312,205,0.278,439,0.34600000000000003,299,0.281,483,0.35200000000000004,495,0.319
Brad Miller,12775,10/18/89,377,0.321,171,0.35700000000000004,170,0.32899999999999996,254,0.311,407,0.327,601,0.304
Geraldo Perdomo,22799,10/22/99,37,0.37799999999999995,,,,,,,,,,
Harrison Bader,18030,6/3/94,401,0.324,125,0.336,406,0.314,427,0.33399999999999996,92,0.28300000000000003,,
Wil Myers,10047,12/10/90,500,0.33399999999999996,218,0.353,490,0.321,343,0.318,649,0.32799999999999996,676,0.336
Alejandro Kirk,22581,11/6/98,189,0.32799999999999996,25,0.4,,,,,,,,
Elias Diaz,11680,11/17/90,371,0.31,73,0.28800000000000003,332,0.29600000000000004,277,0.33899999999999997,200,0.265,4,0
Nico Hoerner,21479,5/13/97,170,0.382,126,0.312,82,0.305,,,,,,
Max Schrock,17750,10/12/94,134,0.32799999999999996,17,0.17600000000000002,,,,,,,,
Danny Jansen,16535,4/15/95,205,0.299,147,0.313,384,0.27899999999999997,95,0.34700000000000003,,,,
Akil Baddoo,22168,8/16/98,461,0.33,,,,,,,,,,
Nicky Lopez,19339,3/13/95,565,0.365,192,0.28600000000000003,402,0.276,,,,,,
Carson Kelly,13620,7/14/94,359,0.34299999999999997,129,0.264,365,0.348,42,0.205,75,0.24,14,0.214
Jake Meyers,20308,6/18/96,163,0.32299999999999995,,,,,,,,,,
Austin Hays,19363,7/5/95,529,0.308,134,0.32799999999999996,75,0.373,,,63,0.23800000000000002,,
Ian Happ,17919,8/12/94,535,0.32299999999999995,231,0.361,156,0.33299999999999996,462,0.353,413,0.32799999999999996,,
Andrew Benintendi,17901,7/6/94,538,0.324,52,0.314,615,0.34299999999999997,661,0.366,658,0.35200000000000004,118,0.359
Lane Thomas,16939,8/23/95,264,0.341,40,0.2,44,0.409,,,,,,
Ramon Laureano,17128,7/15/94,378,0.317,222,0.33799999999999997,481,0.34,176,0.358,,,,
Steven Duggar,17719,11/4/93,297,0.33,36,0.222,281,0.278,152,0.303,,,,
Austin Meadows,15672,5/3/95,591,0.315,152,0.29600000000000004,591,0.364,191,0.325,,,,
Josh Rojas,19734,6/30/94,550,0.341,70,0.257,157,0.312,,,,,,
Matt Duffy,13836,1/15/91,322,0.35700000000000004,,,169,0.34299999999999997,560,0.361,,,366,0.31
Max Stassi,10059,3/15/91,319,0.326,105,0.35200000000000004,147,0.21100000000000002,250,0.316,31,0.32299999999999995,13,0.077
Chas McCormick,19599,4/19/95,320,0.319,,,,,,,,,,
Trey Mancini,15149,3/18/92,616,0.326,,,679,0.364,636,0.299,586,0.33799999999999997,15,0.4
Mike Yastrzemski,14854,8/23/90,532,0.311,225,0.4,411,0.33399999999999996,,,,,,
Kevin Plawecki,13807,2/26/91,173,0.349,89,0.39299999999999996,174,0.287,277,0.315,118,0.364,151,0.298
Andy Ibanez,18819,4/3/93,272,0.321,,,,,,,,,,
Yandy Diaz,16578,8/8/91,541,0.353,138,0.428,347,0.34,120,0.375,179,0.35200000000000004,,
Christian Yelich,11477,12/5/91,475,0.36200000000000004,247,0.35600000000000004,580,0.429,651,0.402,695,0.369,659,0.376
Keibert Ruiz,19610,7/20/98,96,0.33299999999999996,8,0.25,,,,,,,,
Alcides Escobar,6310,12/16/86,349,0.34,,,,,531,0.27899999999999997,629,0.272,682,0.292
Daniel Vogelbach,14130,12/17/92,258,0.349,136,0.331,558,0.341,102,0.324,31,0.29,13,0.154
Josh Harrison,8202,7/8/87,558,0.341,91,0.35200000000000004,147,0.218,374,0.293,542,0.33899999999999997,522,0.311
Donovan Solano,8623,12/17/87,344,0.344,203,0.365,228,0.36,,,,,23,0.261
Adam Duvall,10950,9/4/88,555,0.281,209,0.301,130,0.315,427,0.27399999999999997,647,0.301,608,0.297
Jonathan Schoop,11265,10/16/91,674,0.32,177,0.324,464,0.304,501,0.266,675,0.33799999999999997,647,0.298
Jorge Soler,14221,2/25/92,602,0.316,174,0.326,679,0.354,257,0.354,110,0.245,264,0.33299999999999996
Jake Fraley,19260,5/25/95,265,0.35200000000000004,29,0.24100000000000002,41,0.171,,,,,,
Dansby Swanson,18314,2/11/94,653,0.311,264,0.345,545,0.325,533,0.304,551,0.312,145,0.361
Omar Narvaez,13338,2/10/92,445,0.342,126,0.294,482,0.353,322,0.366,295,0.373,117,0.35
Daulton Varsho,19918,7/2/96,315,0.318,115,0.287,,,,,,,,
Ben Gamel,12160,5/17/92,400,0.34700000000000003,127,0.315,356,0.337,293,0.358,550,0.322,57,0.278
Edmundo Sosa,17022,3/6/96,326,0.34600000000000003,,,10,0.4,3,0.33299999999999996,,,,
Michael Conforto,16376,3/1/93,479,0.344,233,0.41200000000000003,648,0.363,638,0.35,440,0.384,348,0.31
Luis Arraez,18568,4/9/97,479,0.35700000000000004,121,0.364,366,0.39899999999999997,,,,,,
Austin Slater,16153,12/13/92,306,0.32,104,0.408,192,0.33299999999999996,225,0.33299999999999996,127,0.33899999999999997,,
Abraham Almonte,5486,6/27/89,175,0.331,13,0.231,38,0.42100000000000004,151,0.26,195,0.314,194,0.294
Yadiel Hernandez,19334,10/9/87,289,0.32899999999999996,28,0.214,,,,,,,,
Trent Grisham,18564,11/1/96,527,0.327,252,0.35200000000000004,183,0.32799999999999996,,,,,,
Austin Dean,18288,10/14/93,38,0.342,7,0.5710000000000001,189,0.261,122,0.27899999999999997,,,,
Kyle Lewis,19508,7/13/95,147,0.33299999999999996,242,0.364,75,0.293,,,,,,
Francisco Mejia,16403,10/27/95,277,0.322,42,0.14300000000000002,244,0.316,62,0.258,14,0.214,,
Jonathan Villar,10071,5/2/91,505,0.322,207,0.301,714,0.33899999999999997,515,0.325,436,0.293,679,0.369
Eric Hosmer,3516,10/24/89,565,0.337,156,0.33299999999999996,667,0.31,677,0.322,671,0.385,667,0.32799999999999996
Ryan Zimmerman,4220,9/28/84,273,0.28600000000000003,,,190,0.321,323,0.337,576,0.358,467,0.272
Lorenzo Cain,9077,4/13/86,286,0.32899999999999996,21,0.429,623,0.325,620,0.395,645,0.363,434,0.33899999999999997
Jace Peterson,12325,5/9/90,302,0.348,61,0.39299999999999996,108,0.26899999999999996,246,0.31,215,0.318,408,0.35
Tommy Pham,2967,3/8/88,561,0.34,125,0.312,654,0.369,570,0.36700000000000005,530,0.41100000000000003,183,0.324
Pavin Smith,19892,2/6/96,545,0.32799999999999996,44,0.341,,,,,,,,
Sam Hilliard,17954,2/21/94,238,0.294,114,0.272,87,0.35600000000000004,,,,,,
Colin Moran,16909,10/1/92,359,0.33399999999999996,200,0.325,503,0.322,465,0.34,12,0.41700000000000004,25,0.2
Yermin Mercedes,17423,2/14/93,262,0.32799999999999996,1,0,,,,,,,,
Corey Dickerson,10762,5/22/89,365,0.326,210,0.311,279,0.341,533,0.33,629,0.325,548,0.293
Eloy Jimenez,17484,11/27/96,231,0.303,226,0.332,504,0.315,,,,,,
Joey Wendle,13853,4/26/90,501,0.319,184,0.342,263,0.293,545,0.354,14,0.35700000000000004,104,0.298
Francisco Lindor,12916,11/14/93,524,0.322,266,0.335,654,0.335,745,0.35200000000000004,723,0.337,684,0.358
Ehire Adrianza,8418,8/21/89,209,0.327,101,0.287,236,0.349,366,0.301,186,0.324,71,0.299
Jose Rondon,14140,3/3/94,90,0.322,,,157,0.263,107,0.28,,,26,0.154
Eric Haase,14111,12/18/92,381,0.28600000000000003,19,0.21100000000000002,17,0.11800000000000001,17,0.17600000000000002,,,,
Lars Nootbaar,21454,9/8/97,124,0.317,,,,,,,,,,
Eddie Rosario,12155,9/28/91,412,0.305,231,0.316,590,0.3,592,0.32299999999999995,589,0.32799999999999996,354,0.295
Kyle Farmer,14813,8/17/90,529,0.316,70,0.32899999999999996,197,0.27899999999999997,77,0.312,20,0.3,,
Austin Nola,15941,12/28/89,194,0.34,184,0.353,267,0.342,,,,,,
Amed Rosario,15518,11/20/95,588,0.321,147,0.272,655,0.32299999999999995,592,0.295,170,0.271,,
Joc Pederson,11899,4/21/92,481,0.31,138,0.285,514,0.33899999999999997,443,0.321,323,0.331,476,0.35200000000000004
Jake McCarthy,21622,7/30/97,70,0.33299999999999996,,,,,,,,,,
Manny Pina,2829,6/5/87,208,0.293,45,0.33299999999999996,179,0.313,337,0.307,359,0.327,81,0.34600000000000003
DJ LeMahieu,9874,7/13/88,679,0.349,216,0.42100000000000004,655,0.375,581,0.321,682,0.374,635,0.41600000000000004
Seth Brown,18171,7/13/92,307,0.27399999999999997,5,0,83,0.361,,,,,,
Bobby Bradley,17278,5/29/96,279,0.294,,,49,0.245,,,,,,
Gary Sanchez,11442,12/2/92,440,0.307,178,0.253,446,0.316,374,0.29100000000000004,525,0.345,229,0.376
Brian Anderson,18289,5/19/93,264,0.337,229,0.345,520,0.342,670,0.35700000000000004,95,0.337,,
Kyle Garlick,18063,1/26/92,107,0.28,23,0.174,53,0.321,,,,,,
Adolis Garcia,19287,3/2/93,622,0.28600000000000003,7,0.14300000000000002,,,17,0.11800000000000001,,,,
David Peralta,2136,8/14/87,538,0.325,218,0.33899999999999997,423,0.34299999999999997,614,0.35200000000000004,577,0.35200000000000004,183,0.295
J.P. Crawford,15491,1/11/95,687,0.33799999999999997,232,0.336,396,0.313,138,0.319,87,0.35600000000000004,,
Alex Dickerson,12649,5/26/90,312,0.304,170,0.371,190,0.332,,,,,285,0.33299999999999996
Brett Phillips,14735,5/30/94,292,0.3,59,0.305,79,0.247,147,0.252,98,0.35100000000000003,,
Jazz Chisholm Jr.,20454,2/1/98,507,0.303,62,0.242,,,,,,,,
Travis Jankowski,13768,6/15/91,157,0.364,17,0.17600000000000002,24,0.25,387,0.332,87,0.282,383,0.332
Odubel Herrera,11476,12/29/91,492,0.31,,,139,0.28800000000000003,597,0.31,563,0.325,656,0.361
Leury Garcia,5913,3/18/91,474,0.335,63,0.317,618,0.31,275,0.303,326,0.316,50,0.26
Jacob Stallings,13723,12/22/89,427,0.335,143,0.326,210,0.325,41,0.268,16,0.43799999999999994,15,0.4
Wilmer Difo,14320,4/2/92,240,0.32899999999999996,18,0.222,144,0.315,456,0.298,365,0.319,66,0.364
Matt Chapman,16505,4/28/93,622,0.314,152,0.276,670,0.342,616,0.35600000000000004,326,0.313,,
Miguel Rojas,7802,2/24/89,539,0.322,143,0.392,526,0.331,528,0.297,306,0.361,214,0.28800000000000003
Jed Lowrie,4418,4/17/84,512,0.318,,,8,0.125,680,0.353,645,0.36,369,0.314
Luis Torrens,15905,5/2/96,378,0.299,78,0.325,16,0.313,,,139,0.243,,
Alex Avila,7476,1/29/87,111,0.345,62,0.355,201,0.353,234,0.299,376,0.387,209,0.359
Myles Straw,17620,10/17/94,638,0.349,86,0.244,128,0.37799999999999995,10,0.4,,,,
Aledmys Diaz,15937,8/1/90,319,0.317,59,0.254,247,0.35600000000000004,452,0.303,301,0.29,460,0.369
Luis Guillorme,16451,9/27/94,156,0.374,68,0.426,70,0.324,74,0.284,,,,
Kevin Kiermaier,11038,4/22/90,390,0.32799999999999996,159,0.321,480,0.278,367,0.282,421,0.33799999999999997,414,0.331
Anthony Rendon,12861,6/6/90,249,0.32899999999999996,232,0.418,646,0.41200000000000003,597,0.374,605,0.40299999999999997,647,0.348
Anthony Alford,14329,7/20/94,148,0.311,29,0.24100000000000002,30,0.233,21,0.19,8,0.125,,
D.J. Stewart,17766,11/30/93,318,0.324,112,0.355,142,0.317,47,0.34,,,,
Nick Maton,21635,2/18/97,131,0.32299999999999995,,,,,,,,,,
Sean Murphy,19352,10/4/94,448,0.306,140,0.364,60,0.33299999999999996,,,,,,
Gio Urshela,10681,10/11/91,442,0.301,174,0.368,476,0.355,46,0.28300000000000003,165,0.262,,
Max Kepler,12144,2/10/93,490,0.306,196,0.321,596,0.336,611,0.319,568,0.312,447,0.309
Starlin Castro,4579,3/24/90,346,0.33299999999999996,63,0.302,676,0.3,647,0.32899999999999996,473,0.33799999999999997,610,0.3
Yan Gomes,9627,7/19/87,375,0.301,119,0.319,358,0.316,435,0.313,383,0.309,264,0.201
Kyle Seager,9785,11/3/87,670,0.285,248,0.355,443,0.321,630,0.273,650,0.32299999999999995,676,0.359
Michael Hermosillo,16285,1/17/95,38,0.237,10,0.3,46,0.304,62,0.27399999999999997,,,,
Tommy La Stella,12371,1/31/89,242,0.308,228,0.37,321,0.34600000000000003,192,0.34,151,0.389,169,0.35700000000000004
Chad Pinder,15191,3/29/92,233,0.3,61,0.295,370,0.29,333,0.332,309,0.292,55,0.273
Gleyber Torres,16997,12/13/96,516,0.331,160,0.35600000000000004,604,0.337,484,0.34,,,,
Anthony Santander,14551,10/19/94,438,0.28600000000000003,165,0.315,405,0.297,108,0.25,31,0.258,,
Alex Kirilloff,20325,11/9/97,231,0.299,,,,,,,,,,
Andrew Vaughn,26197,4/3/98,469,0.309,,,,,,,,,,
Whit Merrifield,11281,1/24/89,720,0.317,265,0.325,735,0.348,707,0.36700000000000005,630,0.324,332,0.32299999999999995
Adalberto Mondesi,13769,7/27/95,136,0.271,233,0.294,443,0.29100000000000004,291,0.306,60,0.214,149,0.231
Eugenio Suarez,12552,7/18/91,574,0.28600000000000003,231,0.312,662,0.358,606,0.366,632,0.36700000000000005,627,0.317
Brian Goodwin,12858,11/2/90,271,0.319,164,0.299,458,0.326,180,0.318,278,0.313,44,0.318
Rowdy Tellez,15679,3/16/95,325,0.305,127,0.34600000000000003,409,0.293,73,0.32899999999999996,,,,
Derek Hill,16947,12/30/95,150,0.313,12,0.16699999999999998,,,,,,,,
Freddy Galvis,6609,11/14/89,394,0.302,159,0.308,589,0.29600000000000004,656,0.299,663,0.309,624,0.27399999999999997
Brett Gardner,9927,8/24/83,461,0.327,158,0.354,550,0.325,609,0.322,682,0.35,634,0.35100000000000003
Justin Upton,5222,8/25/87,362,0.29600000000000004,166,0.289,256,0.309,613,0.344,635,0.361,626,0.31
Miguel Cabrera,1744,4/18/83,526,0.316,231,0.32899999999999996,549,0.34600000000000003,157,0.395,529,0.32899999999999996,679,0.39299999999999996
Raimel Tapia,14350,2/4/94,533,0.327,206,0.369,447,0.309,27,0.259,171,0.32899999999999996,41,0.293
Tyler Wade,15730,11/23/94,145,0.354,105,0.28800000000000003,108,0.33,70,0.214,63,0.222,,
Jose Iglesias,10231,1/5/90,511,0.309,150,0.4,530,0.318,464,0.31,489,0.28800000000000003,513,0.306
Christian Walker,13419,3/28/91,445,0.315,243,0.33299999999999996,603,0.348,53,0.226,15,0.4,,
Yonathan Daza,15794,2/28/94,331,0.332,,,105,0.257,,,,,,
William Contreras,20503,12/24/97,185,0.303,10,0.4,,,,,,,,
Gavin Lux,19955,11/23/97,381,0.32799999999999996,69,0.24600000000000002,82,0.305,,,,,,
Pablo Reyes,16357,9/5/93,87,0.33299999999999996,,,157,0.27399999999999997,63,0.349,,,,
Abraham Toro,19844,12/20/96,375,0.315,97,0.237,89,0.303,,,,,,
Aristides Aquino,15482,4/22/94,204,0.299,56,0.304,225,0.316,1,0,,,,
Jo Adell,20220,4/8/99,140,0.295,132,0.212,,,,,,,,
Albert Pujols,1177,1/16/80,296,0.284,163,0.27,545,0.305,498,0.289,636,0.28600000000000003,650,0.32299999999999995
Harold Ramirez,14387,9/6/94,361,0.305,11,0.273,446,0.312,,,,,,
Josh Naylor,18839,6/22/97,250,0.301,104,0.29100000000000004,279,0.315,,,,,,
Cesar Hernandez,10556,5/23/90,637,0.308,261,0.355,667,0.33299999999999996,708,0.35600000000000004,577,0.373,622,0.371
Yoshi Tsutsugo,27459,11/26/91,262,0.307,185,0.314,,,,,,,,
Ke'Bryan Hayes,18577,1/28/97,396,0.316,95,0.442,,,,,,,,
Willie Calhoun,17838,11/4/94,284,0.31,108,0.231,337,0.32299999999999995,108,0.26899999999999996,37,0.324,,
Manuel Margot,14712,9/28/94,464,0.313,159,0.327,441,0.304,519,0.292,529,0.313,37,0.243
Tommy Edman,19470,5/9/95,691,0.308,227,0.317,349,0.35,,,,,,
Edward Olivares,19698,3/6/96,111,0.29100000000000004,101,0.267,,,,,,,,
Brent Rooker,19627,11/1/94,213,0.29100000000000004,21,0.381,,,,,,,,
Jeff McNeil,15362,4/8/92,426,0.319,209,0.38299999999999995,567,0.384,248,0.381,,,,
Zack Collins,19181,2/6/95,231,0.33,18,0.16699999999999998,102,0.307,,,,,,
Trevor Larnach,21501,2/26/97,301,0.322,,,,,,,,,,
Tucker Barnhart,10200,1/7/91,388,0.317,110,0.29100000000000004,364,0.32799999999999996,522,0.32799999999999996,423,0.34700000000000003,420,0.32299999999999995
Yohel Pozo,18848,6/14/97,77,0.312,,,,,,,,,,
Randal Grichuk,10243,8/13/91,545,0.281,231,0.312,628,0.28,462,0.301,442,0.285,478,0.289
Mitch Moreland,3086,9/6/85,252,0.28600000000000003,152,0.342,335,0.32799999999999996,459,0.325,576,0.326,503,0.298
Bradley Zimmer,16221,11/27/92,348,0.325,50,0.36,14,0.071,114,0.281,332,0.307,,
Pedro Severino,14523,7/20/93,419,0.308,178,0.322,341,0.321,213,0.254,31,0.226,34,0.441
Nick Solak,19294,1/11/95,511,0.314,233,0.326,135,0.39299999999999996,,,,,,
Victor Reyes,15487,10/5/94,220,0.284,213,0.315,292,0.336,219,0.239,,,,
Cavan Biggio,19252,4/11/95,294,0.322,265,0.375,430,0.364,,,,,,
Jake Lamb,13329,10/9/90,170,0.306,99,0.28300000000000003,226,0.32299999999999995,238,0.307,635,0.35700000000000004,594,0.332
Phil Gosselin,10953,10/3/88,373,0.314,102,0.324,68,0.294,28,0.25,50,0.18,240,0.324
Asdrubal Cabrera,4962,11/13/85,352,0.313,213,0.305,514,0.342,592,0.316,540,0.35100000000000003,568,0.336
Kevin Pillar,12434,1/4/89,347,0.27699999999999997,223,0.336,645,0.287,542,0.282,632,0.3,584,0.303
Hanser Alberto,11902,10/17/92,255,0.29100000000000004,231,0.306,550,0.32899999999999996,30,0.24100000000000002,,,58,0.14300000000000002
Brandon Marsh,20202,12/18/97,260,0.317,,,,,,,,,,
Rob Refsnyder,13770,3/26/91,157,0.325,34,0.265,,,103,0.314,98,0.247,175,0.32799999999999996
Jordy Mercer,6547,8/27/86,127,0.307,22,0.273,271,0.31,436,0.315,558,0.326,584,0.32799999999999996
Dom Nunez,15055,1/17/95,263,0.293,,,43,0.233,,,,,,
Yu Chang,14773,8/18/95,251,0.267,13,0.308,84,0.28600000000000003,,,,,,
Carlos Santana,2396,4/8/86,659,0.319,255,0.349,686,0.397,679,0.35200000000000004,667,0.363,688,0.366
Oscar Mercado,16375,12/16/94,238,0.3,93,0.174,482,0.318,,,,,,
Breyvic Valera,12758,1/8/92,97,0.313,,,52,0.308,75,0.301,11,0.182,,
Paul DeJong,18015,8/2/93,402,0.284,174,0.322,664,0.318,490,0.313,443,0.325,,
Jurickson Profar,10815,2/20/93,412,0.32899999999999996,202,0.34299999999999997,518,0.301,594,0.335,70,0.294,307,0.321
Grayson Greiner,17062,10/11/92,82,0.321,55,0.182,224,0.251,116,0.32799999999999996,,,,
Hunter Dozier,15117,8/22/91,543,0.285,186,0.344,586,0.348,388,0.278,,,21,0.28600000000000003
Isiah Kiner-Falefa,16512,3/23/95,677,0.312,228,0.32899999999999996,222,0.299,396,0.325,,,,
Kole Calhoun,11200,10/14/87,182,0.297,228,0.33799999999999997,632,0.325,552,0.28300000000000003,654,0.33299999999999996,672,0.348
Guillermo Heredia,18721,1/31/91,347,0.311,36,0.278,231,0.306,337,0.318,426,0.315,107,0.349
Charlie Culberson,3298,4/10/89,271,0.29600000000000004,7,0.14300000000000002,144,0.294,322,0.326,15,0.267,68,0.294
Jose Rojas,19331,2/24/93,184,0.27699999999999997,,,,,,,,,,
Luis Garcia,20391,5/16/00,247,0.275,139,0.302,,,,,,,,
Travis d'Arnaud,7739,2/10/89,229,0.284,184,0.386,391,0.312,16,0.25,376,0.293,276,0.307
Jorge Mateo,17273,6/23/95,209,0.293,28,0.185,,,,,,,,
Harold Castro,14691,11/30/93,339,0.31,54,0.40700000000000003,369,0.305,10,0.3,,,,
Tom Murphy,13499,4/3/91,325,0.304,,,281,0.324,96,0.25,26,0.115,49,0.34700000000000003
Dominic Smith,15653,6/15/95,493,0.304,199,0.377,197,0.355,149,0.255,183,0.262,,
Pablo Sandoval,5409,8/11/86,86,0.302,94,0.287,296,0.313,252,0.31,279,0.265,7,0.14300000000000002
Yadier Molina,7007,7/13/82,473,0.297,156,0.303,452,0.312,503,0.314,543,0.312,581,0.36
Rougned Odor,12282,2/3/94,361,0.28600000000000003,148,0.209,581,0.28300000000000003,535,0.326,651,0.252,632,0.29600000000000004
Ryan Jeffers,24618,6/3/97,293,0.27,62,0.355,,,,,,,,
Clint Frazier,15983,9/6/94,218,0.317,160,0.39399999999999996,246,0.317,41,0.39,142,0.268,,
Christian Vazquez,9774,8/21/90,498,0.308,189,0.344,521,0.32,269,0.257,345,0.33,184,0.27699999999999997
Curt Casali,12510,11/9/88,231,0.313,93,0.366,236,0.331,156,0.355,13,0.462,256,0.273
Emmanuel Rivera,19890,6/29/96,98,0.316,,,,,,,,,,
Travis Shaw,11982,4/16/90,250,0.28600000000000003,180,0.306,270,0.281,587,0.345,606,0.349,530,0.306
Reese McGuire,15674,3/2/95,217,0.31,45,0.073,105,0.34600000000000003,33,0.33299999999999996,,,,
Rene Rivera,3648,7/31/83,78,0.293,4,0.25,20,0.35,91,0.275,237,0.305,207,0.29100000000000004
Garrett Hampson,19262,10/10/94,494,0.289,184,0.287,327,0.302,48,0.396,,,,
Lewin Diaz,18365,11/19/96,128,0.242,41,0.195,,,,,,,,
Miguel Andujar,15878,3/2/95,162,0.284,65,0.27699999999999997,49,0.14300000000000002,606,0.32799999999999996,8,0.625,,
Renato Nunez,14503,4/4/94,55,0.218,216,0.324,599,0.311,261,0.322,16,0.25,15,0.133
Jake Marisnick,11339,3/30/91,198,0.28600000000000003,34,0.353,318,0.289,235,0.275,259,0.319,311,0.257
Nick Martini,12005,6/27/90,45,0.35600000000000004,,,109,0.33,179,0.397,,,,
Josh VanMeter,15170,3/10/95,310,0.297,79,0.228,260,0.327,,,,,,
Nick Senzel,19293,6/29/95,124,0.32299999999999995,78,0.247,414,0.315,,,,,,
Niko Goodrum,12092,2/28/92,325,0.292,179,0.263,472,0.322,492,0.315,18,0.111,,
Michael A. Taylor,11489,3/26/91,528,0.297,99,0.253,97,0.305,385,0.287,432,0.32,237,0.278
Webster Rivas,14636,8/8/90,77,0.303,,,,,,,,,,
Alec Bohm,21618,8/3/96,417,0.305,180,0.4,,,,,,,,
Austin Barnes,12158,12/28/89,225,0.299,104,0.353,242,0.293,238,0.32899999999999996,262,0.408,37,0.27
Jack Mayfield,15402,9/30/90,290,0.272,47,0.239,65,0.16899999999999998,,,,,,
Marcell Ozuna,10324,11/12/90,208,0.28800000000000003,267,0.431,549,0.32799999999999996,628,0.325,679,0.376,608,0.321
Mike Moustakas,4892,9/11/88,206,0.282,163,0.331,584,0.32899999999999996,635,0.315,598,0.314,113,0.301
Luke Williams,19931,8/9/96,108,0.315,,,,,,,,,,
Taylor Jones,19533,12/6/93,108,0.26899999999999996,22,0.22699999999999998,,,,,,,,
Nick Gordon,16337,10/24/95,216,0.292,,,,,,,,,,
Josh Reddick,3892,2/19/87,158,0.285,210,0.316,550,0.319,487,0.318,540,0.363,439,0.345
Zach McKinstry,19392,4/29/95,172,0.263,7,0.28600000000000003,,,,,,,,
Jon Berti,12037,1/22/90,271,0.311,149,0.38799999999999996,287,0.348,15,0.267,,,,
Cole Tucker,17326,7/3/96,131,0.298,116,0.252,159,0.266,,,,,,
Gerardo Parra,8553,5/6/87,107,0.292,,,301,0.293,443,0.342,425,0.341,381,0.271
Kurt Suzuki,8259,10/4/83,247,0.294,129,0.349,309,0.324,388,0.332,309,0.35100000000000003,373,0.301
Jonathan Arauz,20275,8/3/98,75,0.27399999999999997,80,0.325,,,,,,,,
Rodolfo Castro,21987,5/21/99,93,0.258,,,,,,,,,,
James McCann,12859,6/13/90,412,0.294,111,0.36,476,0.32799999999999996,457,0.267,391,0.318,373,0.272
Daz Cameron,18353,1/15/97,115,0.278,59,0.22,,,,,,,,
Jose Peraza,13593,4/30/94,154,0.266,120,0.275,403,0.285,683,0.326,518,0.297,256,0.35200000000000004
Aaron Hicks,5297,10/2/89,126,0.294,211,0.379,255,0.325,581,0.366,361,0.37200000000000005,361,0.281
Hoy Park,18027,4/7/96,150,0.297,,,,,,,,,,
Taylor Walls,22458,7/10/96,176,0.314,,,,,,,,,,
Sergio Alcantara,16417,7/10/96,255,0.303,23,0.217,,,,,,,,
Stephen Piscotty,13367,1/14/91,188,0.282,171,0.271,393,0.309,605,0.331,401,0.342,649,0.34299999999999997
Phillip Evans,12950,9/10/92,247,0.312,45,0.444,,,23,0.217,38,0.395,,
Mauricio Dubon,16530,7/19/94,187,0.278,177,0.337,111,0.306,,,,,,
Michael Chavis,17321,8/11/95,124,0.258,158,0.259,382,0.322,,,,,,
Andres Gimenez,19950,9/4/98,210,0.282,132,0.33299999999999996,,,,,,,,
Eddy Alvarez,16959,1/30/90,74,0.297,41,0.268,,,,,,,,
Billy McKinney,15654,8/23/94,300,0.28,3,0.667,276,0.27399999999999997,132,0.318,,,,
Rafael Marchan,21646,2/25/99,56,0.28600000000000003,9,0.556,,,,,,,,
Cam Gallagher,12981,12/6/92,124,0.298,60,0.35600000000000004,142,0.312,69,0.25,27,0.33299999999999996,,
Andrew Stevenson,17932,6/1/94,213,0.294,47,0.447,37,0.486,86,0.306,66,0.25,,
Jose Devers,20540,12/7/99,46,0.304,,,,,,,,,,
Carter Kieboom,19958,9/3/97,249,0.301,122,0.344,43,0.209,,,,,,
Gregory Polanco,12907,9/14/91,382,0.28300000000000003,174,0.214,167,0.301,535,0.34,411,0.305,587,0.32299999999999995
Wilson Ramos,1433,8/10/87,163,0.248,155,0.297,524,0.35100000000000003,416,0.358,224,0.29,523,0.354
Johneshwy Fargas,16446,12/15/94,54,0.264,,,,,,,,,,
Roman Quinn,13546,5/14/93,62,0.306,116,0.261,122,0.298,143,0.317,,,69,0.373
Didi Gregorius,6012,2/18/90,408,0.27,237,0.33899999999999997,344,0.276,569,0.335,570,0.318,597,0.304
Lewis Brinson,14352,5/8/94,290,0.263,112,0.268,248,0.23600000000000002,406,0.24,55,0.23600000000000002,,
Ernie Clement,20352,3/22/96,133,0.285,,,,,,,,,,
Jason Heyward,4940,8/9/89,353,0.28,181,0.392,589,0.34299999999999997,489,0.335,481,0.326,592,0.306
Daniel Johnson,19643,7/11/95,81,0.259,13,0.154,,,,,,,,
Ryan O'Hearn,16442,7/26/93,254,0.268,132,0.303,370,0.281,170,0.353,,,,
Juan Lagares,5384,3/17/89,327,0.266,0,0,285,0.27899999999999997,64,0.375,272,0.29600000000000004,160,0.301
Isaac Paredes,20036,2/18/99,85,0.306,108,0.278,,,,,,,,
Khris Davis,9112,12/21/87,114,0.272,99,0.303,533,0.293,654,0.326,652,0.336,610,0.307
Ronald Torreyes,11400,9/2/92,344,0.28600000000000003,7,0.14300000000000002,17,0.235,102,0.294,336,0.314,168,0.305
Victor Robles,18363,5/19/97,369,0.31,189,0.293,617,0.326,66,0.348,27,0.308,,
Jorge Alfaro,12180,6/11/93,311,0.28300000000000003,100,0.28,465,0.312,377,0.324,114,0.36,17,0.17600000000000002
Ryan Lavarnway,8879,8/7/87,30,0.276,11,0.364,19,0.316,6,0.667,13,0.385,,
Victor Caratini,14968,8/17/93,356,0.309,132,0.33299999999999996,279,0.348,200,0.293,66,0.33299999999999996,,
David Fletcher,17992,5/31/94,665,0.297,230,0.376,653,0.35,307,0.316,,,,
John Nogowski,16852,1/5/93,143,0.301,4,0.25,,,,,,,,
Willians Astudillo,15608,10/14/91,216,0.259,16,0.25,204,0.299,97,0.371,,,,
DJ Peters,19348,12/12/95,240,0.242,,,,,,,,,,
Kyle Higashioka,5517,4/20/90,211,0.24600000000000002,48,0.25,57,0.21100000000000002,79,0.24100000000000002,20,0.1,,
Dylan Moore,18042,8/2/92,377,0.276,159,0.358,282,0.302,,,,,,
Jose Barrero,23378,4/5/98,56,0.28600000000000003,68,0.20600000000000002,,,,,,,,
Adrian Sanchez,11338,8/16/90,38,0.316,,,32,0.25,59,0.28800000000000003,75,0.28800000000000003,,
Adam Eaton,11205,12/6/88,288,0.282,176,0.285,656,0.365,370,0.39399999999999996,107,0.39299999999999996,706,0.36200000000000004
Willi Castro,17338,4/24/97,450,0.273,140,0.381,110,0.284,,,,,,
Alex Blandino,16271,11/6/92,82,0.317,,,50,0.42,147,0.324,,,,
Kelvin Gutierrez,17468,8/28/94,295,0.292,12,0.33299999999999996,79,0.304,,,,,,
Jarred Kelenic,22558,7/16/99,377,0.265,,,,,,,,,,
Mason Williams,11859,8/21/91,37,0.297,18,0.111,34,0.324,132,0.331,17,0.294,29,0.321
Ha-seong Kim,27506,10/17/95,298,0.27,,,,,,,,,,
Stephen Vogt,5000,11/1/84,238,0.28300000000000003,81,0.247,280,0.314,,,303,0.285,532,0.305
Elvis Andrus,8709,8/26/88,541,0.294,111,0.252,648,0.313,428,0.308,689,0.337,568,0.36200000000000004
Taylor Trammell,19960,9/13/97,178,0.256,,,,,,,,,,
Nick Ahmed,12147,3/15/90,473,0.28,217,0.327,625,0.316,564,0.29,178,0.298,308,0.265
Matt Carpenter,8090,11/26/85,249,0.305,169,0.325,492,0.33399999999999996,677,0.374,622,0.384,566,0.38
Shed Long Jr.,16542,8/22/95,121,0.258,128,0.242,168,0.33299999999999996,,,,,,
Mike Brosseau,19683,3/15/94,169,0.266,98,0.37799999999999995,142,0.319,,,,,,
Danny Mendick,18889,9/28/93,186,0.303,114,0.281,40,0.325,,,,,,
David Bote,14593,4/7/93,327,0.276,145,0.303,356,0.36200000000000004,210,0.319,,,,
Romy Gonzalez,21562,9/6/96,33,0.273,,,,,,,,,,
Donovan Walton,19314,5/25/94,69,0.254,14,0.214,19,0.316,,,,,,
Seby Zavala,18887,8/28/93,104,0.24,,,12,0.083,,,,,,
Brian O'Grady,16729,5/17/92,61,0.267,5,0.4,48,0.292,,,,,,
Yonny Hernandez,19432,5/4/98,166,0.315,,,,,,,,,,
Daniel Robertson,14145,3/22/94,90,0.303,24,0.41700000000000004,237,0.312,340,0.382,254,0.308,,
Nomar Mazara,14553,4/26/95,181,0.276,149,0.295,469,0.318,536,0.317,616,0.32299999999999995,568,0.32
Jacob Nottingham,16448,4/3/95,45,0.222,54,0.278,7,0.429,24,0.33299999999999996,,,,
Maikel Franco,12179,8/26/92,403,0.253,243,0.321,428,0.297,465,0.314,623,0.281,630,0.306
Billy Hamilton,10199,9/9/90,135,0.242,36,0.171,353,0.289,556,0.299,633,0.299,460,0.321
Ender Inciarte,4922,10/29/90,89,0.276,131,0.262,230,0.34299999999999997,660,0.325,718,0.35,578,0.35100000000000003
Jose Trevino,16725,11/28/92,302,0.267,83,0.28,126,0.272,8,0.25,,,,
Danny Santana,10322,11/7/90,127,0.252,63,0.23800000000000002,511,0.324,32,0.281,178,0.243,248,0.27899999999999997
Jason Vosler,16686,9/6/93,82,0.256,,,,,,,,,,
Joshua Fuentes,16885,2/19/93,284,0.257,103,0.32,56,0.23199999999999998,,,,,,
Jason Martin,16429,9/5/95,154,0.248,11,0.182,40,0.325,,,,,,
Mike Tauchman,15274,12/3/90,191,0.284,111,0.342,296,0.361,37,0.19399999999999998,32,0.344,,
Eric Sogard,7927,5/22/86,180,0.28300000000000003,128,0.281,442,0.353,113,0.24100000000000002,299,0.39299999999999996,,
Marwin Gonzalez,5497,3/14/89,307,0.275,199,0.28600000000000003,463,0.322,552,0.324,515,0.377,518,0.293
Brock Holt,9345,6/11/88,260,0.281,106,0.28300000000000003,295,0.369,367,0.36200000000000004,164,0.305,324,0.322
Ryan McKenna,19928,2/14/97,197,0.292,,,,,,,,,,
Martin Maldonado,6887,8/16/86,426,0.272,165,0.35,374,0.293,404,0.276,471,0.276,253,0.332
Jake Bauers,15194,10/6/95,315,0.29,,,423,0.312,388,0.316,,,,
Jose Marmolejos,15767,1/2/93,122,0.262,115,0.261,,,,,,,,
Jonah Heim,16930,6/27/95,285,0.239,41,0.268,,,,,,,,
Tomas Nido,13755,4/12/94,161,0.261,26,0.34600000000000003,144,0.231,90,0.2,10,0.3,,
Mike Ford,15585,7/4/92,72,0.278,84,0.226,163,0.35,,,,,,
Eli White,19346,6/26/94,220,0.259,52,0.231,,,,,,,,
Isan Diaz,17922,5/27/96,277,0.293,22,0.182,201,0.259,,,,,,
Andrew Velazquez,14196,7/14/94,68,0.235,77,0.27399999999999997,24,0.125,12,0.41700000000000004,,,,
Andrelton Simmons,10847,9/4/89,451,0.28300000000000003,127,0.34600000000000003,424,0.309,600,0.337,647,0.331,483,0.324
Roberto Perez,2900,12/23/88,161,0.245,110,0.264,449,0.321,210,0.256,248,0.29100000000000004,184,0.285
Will Craig,19267,11/16/94,65,0.27699999999999997,4,0,,,,,,,,
Keston Hiura,20003,8/2/96,197,0.256,246,0.297,348,0.368,,,,,,
Kevin Newman,17696,8/4/93,554,0.265,172,0.281,531,0.353,97,0.247,,,,
Jarren Duran,24617,9/5/96,112,0.24100000000000002,,,,,,,,,,
David Dahl,13744,4/1/94,220,0.247,99,0.222,413,0.353,271,0.325,,,237,0.359
Richie Martin,17736,12/22/94,105,0.26899999999999996,,,309,0.26,,,,,,
Alan Trejo,20056,5/30/96,50,0.26,,,,,,,,,,
Orlando Arcia,13185,8/4/94,89,0.258,189,0.317,546,0.28300000000000003,366,0.268,548,0.324,216,0.273
Joe Panik,11936,10/30/90,257,0.266,141,0.34,491,0.315,392,0.307,573,0.34700000000000003,526,0.315
Erik Gonzalez,13369,8/31/91,229,0.258,193,0.255,156,0.301,143,0.301,115,0.272,17,0.353
Henry Ramos,11481,4/15/92,55,0.255,,,,,,,,,,
Aramis Garcia,16925,1/12/93,94,0.239,,,46,0.217,65,0.308,,,,
Luis Rengifo,19858,2/26/97,190,0.24600000000000002,106,0.26899999999999996,406,0.321,,,,,,
Shogo Akiyama,27461,4/16/88,183,0.282,183,0.35700000000000004,,,,,,,,
Jarrod Dyson,4866,8/15/84,149,0.26,66,0.231,452,0.313,237,0.282,390,0.324,337,0.34
Steven Souza Jr.,5667,4/24/89,36,0.222,31,0.258,,,272,0.309,617,0.35100000000000003,468,0.303
Owen Miller,24655,11/15/96,202,0.243,,,,,,,,,,
Jake Cave,14477,12/4/92,178,0.249,123,0.285,228,0.35100000000000003,309,0.313,,,,
Sam Haggerty,18054,5/26/94,94,0.247,54,0.315,4,0,,,,,,
Magneuris Sierra,17023,4/7/96,225,0.281,53,0.33299999999999996,42,0.381,156,0.222,64,0.359,,
Bryan Holaday,11287,11/19/87,34,0.265,33,0.212,129,0.344,166,0.261,29,0.24100000000000002,129,0.281
Ka'ai Tom,18136,5/29/94,133,0.278,,,,,,,,,,
Pat Valaika,14885,9/9/92,281,0.25,150,0.315,86,0.256,133,0.214,195,0.284,19,0.263
Andrew Knizner,19514,2/3/95,185,0.281,17,0.235,58,0.293,,,,,,
Tim Locastro,15124,7/14/92,156,0.263,82,0.395,250,0.35700000000000004,14,0.35700000000000004,1,0,,
Cody Bellinger,15998,7/13/95,350,0.24,243,0.33299999999999996,660,0.406,632,0.34299999999999997,548,0.35200000000000004,,
Austin Romine,5491,11/22/88,62,0.242,135,0.259,240,0.31,265,0.295,252,0.272,176,0.26899999999999996
Austin Wynns,15271,12/10/90,139,0.23199999999999998,,,74,0.247,118,0.287,,,,
Josh Palacios,19818,7/30/95,42,0.293,,,,,,,,,,
Luke Raley,19354,9/19/94,72,0.25,,,,,,,,,,
Tucupita Marcano,22871,9/16/99,50,0.28,,,,,,,,,,
Rio Ruiz,14103,5/22/94,141,0.243,204,0.28600000000000003,413,0.306,15,0.267,173,0.28300000000000003,7,0.28600000000000003
Cal Raleigh,21534,11/26/96,148,0.223,,,,,,,,,,
Drew Ellis,19873,12/1/95,83,0.27699999999999997,,,,,,,,,,
Zack Short,19562,5/29/95,184,0.239,,,,,,,,,,
Justin Williams,15490,8/20/95,137,0.27,6,0.33299999999999996,,,1,0,,,,
Patrick Mazeika,18142,10/14/93,87,0.253,,,,,,,,,,
Austin Hedges,12976,8/18/92,312,0.22,83,0.231,347,0.252,326,0.282,417,0.262,26,0.154
Ben Rortvedt,20287,9/25/97,98,0.22899999999999998,,,,,,,,,,
Alex Jackson,17276,12/25/95,151,0.252,7,0.28600000000000003,15,0.133,,,,,,
Scott Heineman,14453,12/4/92,34,0.20600000000000002,54,0.185,85,0.306,,,,,,
Sandy Leon,5273,3/13/89,220,0.237,81,0.29600000000000004,191,0.251,288,0.23199999999999998,301,0.29,283,0.369
Michael Perez,12977,8/7/92,231,0.221,93,0.237,55,0.345,80,0.304,,,,
Jackie Bradley Jr.,12984,4/19/90,428,0.23600000000000002,217,0.364,567,0.317,535,0.314,541,0.32299999999999995,636,0.349
Chad Wallach,17161,11/4/91,66,0.242,48,0.27699999999999997,54,0.33299999999999996,52,0.275,11,0.091,,
Andrew Romine,1159,12/24/85,64,0.23399999999999999,4,0.25,,,131,0.26,348,0.289,194,0.304
Franchy Cordero,14567,9/2/94,136,0.237,42,0.28600000000000003,20,0.45,154,0.307,99,0.276,,
Sebastian Rivero,21735,11/16/98,44,0.25,,,,,,,,,,
Matt Joyce,3353,8/3/84,69,0.261,148,0.35100000000000003,238,0.408,246,0.322,544,0.335,293,0.40299999999999997
Wyatt Mathisen,14555,12/30/93,51,0.255,33,0.364,,,,,,,,
Jay Bruce,9892,4/3/87,39,0.231,103,0.252,333,0.261,361,0.31,617,0.324,589,0.309
Chris Gittens,18482,2/4/94,44,0.25,,,,,,,,,,
Colton Welker,19961,10/9/97,40,0.25,,,,,,,,,,
Sheldon Neuse,19635,12/10/94,66,0.182,,,61,0.295,,,,,,
Tony Wolters,11470,6/9/92,30,0.276,109,0.28,411,0.337,216,0.292,266,0.341,230,0.327
Jonathan Davis,15104,5/12/92,103,0.252,34,0.364,95,0.266,27,0.259,,,,
Leody Taveras,18900,9/8/98,185,0.207,134,0.308,,,,,,,,
Mike Freeman,11241,8/4/87,65,0.262,43,0.302,213,0.36200000000000004,1,0,66,0.182,24,0.292
Chance Sisco,15694,2/24/95,83,0.24100000000000002,121,0.364,198,0.33299999999999996,184,0.28800000000000003,22,0.455,,
Garrett Stubbs,18067,5/26/93,38,0.222,10,0.111,39,0.282,,,,,,
JaCoby Jones,14818,5/10/92,105,0.21,108,0.33299999999999996,333,0.31,467,0.266,154,0.24,28,0.214
Dustin Fowler,17098,12/29/94,46,0.239,,,,,203,0.256,0,0,,
Gilberto Celestino,20233,2/13/99,62,0.177,,,,,,,,,,
Matt Adams,9393,8/31/88,40,0.25,51,0.21600000000000003,333,0.276,337,0.309,367,0.319,327,0.309
Evan White,20078,4/26/96,104,0.20199999999999999,202,0.252,,,,,,,,
Jared Oliva,19968,11/27/95,43,0.233,16,0.188,,,,,,,,
Andrew Knapp,14942,11/9/91,159,0.215,89,0.40399999999999997,160,0.318,215,0.294,204,0.368,,
Kevan Smith,12284,6/28/88,106,0.248,38,0.37799999999999995,211,0.318,187,0.348,294,0.309,16,0.125
Robel Garcia,13167,3/28/93,117,0.21600000000000003,,,80,0.275,,,,,,
Jose Godoy,15808,10/13/94,40,0.225,,,,,,,,,,
Ildemaro Vargas,13324,7/16/91,83,0.217,54,0.222,211,0.299,20,0.25,13,0.308,,
Stevie Wilkerson,16041,1/11/92,76,0.21100000000000002,,,361,0.28600000000000003,49,0.22399999999999998,,,,
Kean Wong,15994,4/17/95,66,0.19399999999999998,,,18,0.16699999999999998,,,,,,
Jahmai Jones,18872,8/4/97,72,0.20800000000000002,7,0.429,,,,,,,,
Kevin Smith,20242,7/4/96,36,0.19399999999999998,,,,,,,,,,
Edwin Rios,18316,4/21/94,60,0.217,83,0.301,56,0.39299999999999996,,,,,,
Jake Hager,12198,3/4/93,30,0.233,,,,,,,,,,
Nick Heath,19577,11/27/93,39,0.231,18,0.313,,,,,,,,
Domingo Leyba,16404,9/11/95,96,0.198,,,30,0.36700000000000005,,,,,,
Todd Frazier,785,2/12/86,40,0.2,172,0.302,499,0.32899999999999996,472,0.303,576,0.344,666,0.302
Scott Schebler,12225,10/6/90,34,0.147,1,0,95,0.253,430,0.337,531,0.307,282,0.33
Vimael Machin,17684,9/25/93,37,0.2,71,0.29600000000000004,,,,,,,,
Cristian Pache,19948,11/19/98,68,0.152,4,0.25,,,,,,,,
Mickey Moniak,19956,5/13/98,37,0.16699999999999998,18,0.389,,,,,,,,
Albert Almora Jr.,14109,4/16/94,54,0.14800000000000002,34,0.265,363,0.271,479,0.32299999999999995,323,0.33799999999999997,117,0.308
Luis Campusano,22217,9/29/98,38,0.184,4,0.5,,,,,,,,
Greg Deichmann,19872,5/31/95,31,0.161,,,,,,,,,,
Cameron Maybin,5223,4/4/87,33,0.182,101,0.307,269,0.364,384,0.326,450,0.318,391,0.38299999999999995
Curtis Terry,18881,10/6/96,48,0.146,,,,,,,,,,
Skye Bolt,17723,1/15/94,60,0.10300000000000001,,,11,0.182,,,,,,
Drew Butera,3411,8/9/83,36,0.091,43,0.19,49,0.22899999999999998,182,0.264,177,0.284,133,0.32799999999999996